student_id,gender,semester,department,attendance_percentage,required_attendance,attendance_margin,attendance_zone,series1_marks,series2_marks,improvement_score,assignment_avg,lab_internal,internal_total,previous_sem_gpa,backlogs_count,ktu_credits_required,ktu_credits_earned,credits_gap,activity_points_required,activity_points_earned,activity_gap,consistency_score,risk_label,risk_binary
KTU111,Female,4,ME,59.5,73,-13.5,Danger,39,41,2,65,64,54.7,6.02,4,80,68,12,100,85,15,0.849,High,1
KTU420,Male,8,ME,64.1,75,-10.9,Danger,22,23,1,42,49,36.3,5.78,3,160,151,9,100,30,70,0.861,High,1
KTU566,Male,5,CSE,73.1,75,-1.9,Danger,41,27,-14,45,46,40.9,4.6,5,100,80,20,100,9,91,0.942,High,1
KTU078,Female,7,CSE,73.0,73,0.0,Danger,29,18,-11,55,48,40.3,4.78,5,140,120,20,100,37,63,0.783,High,1
KTU182,Female,5,CE,83.4,73,10.4,Safe,56,68,12,78,77,71.3,7.55,0,100,100,0,100,98,2,0.922,Low,0
KTU285,Female,7,EEE,92.6,73,19.6,Safe,79,88,9,87,90,86.5,9.11,0,140,140,0,100,114,0,0.982,Low,0
KTU011,Female,8,CSE,61.9,73,-11.1,Danger,22,9,-13,65,54,41.9,5.46,5,160,145,15,100,8,92,0.48,High,1
KTU470,Female,8,ME,68.8,73,-4.2,Danger,39,26,-13,53,68,49.3,4.29,5,160,140,20,100,33,67,0.755,High,1
KTU079,Male,7,CSE,91.2,75,16.2,Safe,95,96,1,83,81,87.4,8.39,1,140,136,4,100,76,24,0.954,Low,0
KTU350,Male,4,CE,89.4,75,14.4,Safe,90,88,-2,76,86,84.2,8.54,1,80,76,4,100,94,6,0.971,Moderate,1
KTU056,Male,5,EEE,94.3,75,19.3,Safe,78,81,3,78,87,81.3,9.15,0,100,100,0,100,120,0,0.986,Low,0
KTU119,Female,6,EEE,91.8,73,18.8,Safe,95,91,-4,75,84,84.9,7.75,0,120,120,0,100,93,7,0.942,Moderate,1
KTU110,Male,8,CE,83.2,75,8.2,Safe,50,62,12,68,66,62.6,7.41,0,160,160,0,100,47,53,0.951,Low,0
KTU589,Female,7,ME,63.6,73,-9.4,Danger,40,32,-8,41,60,44.7,5.39,2,140,134,6,100,15,85,0.894,High,1
KTU370,Female,6,EEE,67.8,73,-5.2,Danger,33,38,5,51,56,46.3,4.05,4,120,108,12,100,22,78,0.913,High,1
KTU235,Male,7,ME,87.9,75,12.9,Safe,70,70,0,75,92,78.1,8.7,1,140,137,3,100,110,0,0.918,Low,0
KTU031,Female,3,ECE,83.5,73,10.5,Safe,71,75,4,65,79,72.4,8.31,0,60,60,0,100,88,12,0.973,Low,0
KTU213,Female,6,EEE,82.4,73,9.4,Safe,58,61,3,65,71,64.6,7.1,0,120,120,0,100,61,39,0.976,Low,0
KTU185,Female,6,CE,56.9,73,-16.1,Danger,27,26,-1,56,68,47.8,5.54,3,120,111,9,100,22,78,0.667,High,1
KTU087,Female,6,ECE,89.7,73,16.7,Safe,88,86,-2,77,82,82.5,8.99,0,120,120,0,100,105,0,0.982,Moderate,1
KTU003,Female,2,CSE,78.2,73,5.2,Safe,61,70,9,79,68,70.3,9.45,0,40,40,0,100,110,0,0.959,Low,0
KTU588,Female,4,ECE,87.0,73,14.0,Safe,91,100,9,85,86,89.5,8.7,0,80,80,0,100,109,0,0.965,Low,0
KTU536,Male,2,CSE,86.9,75,11.9,Safe,70,85,15,81,95,83.8,7.98,0,40,40,0,100,75,25,0.92,Low,0
KTU597,Female,7,CE,83.4,73,10.4,Safe,61,60,-1,68,77,67.7,7.13,0,140,140,0,100,54,46,0.954,Moderate,1
KTU369,Female,3,ECE,76.8,73,3.8,Safe,62,74,12,80,78,74.6,8.97,0,60,60,0,100,87,13,0.951,Low,0
KTU540,Male,5,CE,86.2,75,11.2,Safe,89,97,8,95,91,93.0,7.54,0,100,100,0,100,100,0,0.99,Low,0
KTU073,Female,5,ECE,78.2,73,5.2,Safe,70,69,-1,66,79,71.3,9.31,0,100,100,0,100,120,0,0.976,Moderate,1
KTU136,Female,8,EEE,80.5,73,7.5,Safe,66,71,5,64,70,67.6,7.49,0,160,160,0,100,77,23,0.992,Low,0
KTU557,Female,7,ME,80.7,73,7.7,Safe,64,64,0,75,83,73.0,7.75,0,140,140,0,100,115,0,0.936,Low,0
KTU438,Male,5,CE,82.5,75,7.5,Safe,64,60,-4,60,61,61.1,6.51,1,100,97,3,100,65,35,0.997,Moderate,1
KTU596,Female,8,ME,80.7,73,7.7,Safe,75,76,1,78,80,77.6,7.91,0,160,160,0,100,83,17,0.996,Low,0
KTU164,Male,7,ECE,82.0,75,7.0,Safe,62,68,6,74,77,71.3,8.12,0,140,140,0,100,99,1,0.967,Low,0
KTU083,Male,3,CE,81.7,75,6.7,Safe,65,76,11,74,84,75.6,8.4,0,60,60,0,100,116,0,0.954,Low,0
KTU258,Female,3,CSE,95.0,73,22.0,Safe,85,81,-4,88,92,87.2,8.67,1,60,57,3,100,91,9,0.984,Moderate,1
KTU193,Male,8,ECE,62.3,75,-12.7,Danger,35,33,-2,56,65,49.9,5.42,4,160,144,16,100,10,90,0.814,High,1
KTU454,Female,4,ECE,77.2,73,4.2,Safe,52,56,4,60,75,62.1,6.69,2,80,74,6,100,69,31,0.924,Moderate,1
KTU133,Female,1,CSE,66.4,73,-6.6,Danger,46,34,-12,60,66,53.8,6.65,3,20,8,12,100,86,14,0.845,High,1
KTU516,Male,4,ME,64.4,75,-10.6,Danger,24,15,-9,53,51,39.0,4.84,5,80,65,15,100,1,99,0.725,High,1
KTU442,Male,3,ME,60.2,75,-14.8,Danger,34,26,-8,53,50,42.9,5.85,3,60,51,9,100,6,94,0.875,High,1
KTU276,Male,2,ME,85.1,75,10.1,Safe,92,100,8,91,87,91.8,8.55,0,40,40,0,100,97,3,0.978,Low,0
KTU365,Male,4,ME,85.9,75,10.9,Safe,77,82,5,93,86,85.5,9.09,0,80,80,0,100,108,0,0.966,Low,0
KTU030,Male,6,CE,67.6,75,-7.4,Danger,29,30,1,59,55,46.0,4.62,5,120,100,20,100,25,75,0.809,High,1
KTU507,Male,5,ECE,81.4,75,6.4,Danger,59,55,-4,60,80,64.8,6.99,2,100,94,6,100,84,16,0.906,Moderate,1
KTU571,Female,7,ME,87.1,73,14.1,Safe,91,91,0,91,89,90.4,8.98,0,140,140,0,100,75,25,0.999,Low,0
KTU025,Female,1,ME,59.7,73,-13.3,Danger,23,12,-11,51,69,43.0,5.85,4,20,8,12,100,11,89,0.493,High,1
KTU183,Female,2,CE,86.4,73,13.4,Safe,74,82,8,82,88,82.2,9.08,0,40,40,0,100,107,0,0.975,Low,0
KTU474,Female,8,EEE,77.3,73,4.3,Safe,71,77,6,75,82,76.7,8.65,0,160,160,0,100,107,0,0.984,Low,0
KTU105,Male,6,EEE,62.2,75,-12.8,Danger,21,19,-2,45,67,41.6,4.73,3,120,108,12,100,39,61,0.615,High,1
KTU064,Male,3,CSE,70.0,75,-5.0,Danger,33,27,-6,50,70,48.0,5.45,3,60,48,12,100,9,91,0.72,High,1
KTU491,Male,7,CSE,77.8,75,2.8,Danger,62,48,-14,74,74,66.4,6.27,0,140,140,0,100,85,15,0.885,Moderate,1
KTU246,Male,2,CE,80.0,75,5.0,Safe,58,72,14,76,74,71.0,9.06,0,40,40,0,100,79,21,0.95,Low,0
KTU249,Male,6,ME,82.6,75,7.6,Safe,72,76,4,63,67,68.6,7.46,0,120,120,0,100,57,43,0.976,Low,0
KTU102,Female,2,EEE,87.8,73,14.8,Safe,88,85,-3,94,84,88.0,8.67,0,40,40,0,100,89,11,0.985,Moderate,1
KTU556,Female,8,CSE,63.1,73,-9.9,Danger,24,24,0,42,47,36.3,4.43,2,160,152,8,100,43,57,0.892,High,1
KTU592,Male,1,ECE,82.1,75,7.1,Safe,53,62,9,70,66,63.8,6.36,1,20,16,4,100,82,18,0.96,Low,0
KTU357,Female,3,EEE,62.8,73,-10.2,Danger,25,11,-14,43,48,34.5,4.4,5,60,45,15,100,6,94,0.783,High,1
KTU210,Male,1,ME,72.5,75,-2.5,Danger,50,51,1,65,57,56.8,7.15,0,20,20,0,100,45,55,0.964,Moderate,1
KTU166,Male,4,ME,65.8,75,-9.2,Danger,27,32,5,55,62,46.9,5.48,4,80,68,12,100,46,54,0.78,High,1
KTU138,Male,1,EEE,79.7,75,4.7,Danger,73,72,-1,79,84,77.9,7.98,0,20,20,0,100,82,18,0.976,Moderate,1
KTU196,Male,8,CSE,87.4,75,12.4,Safe,90,90,0,93,91,91.2,8.73,0,160,160,0,100,73,27,0.998,Low,0
KTU077,Male,8,CSE,83.5,75,8.5,Safe,60,57,-3,79,67,67.2,6.95,2,160,152,8,100,84,16,0.928,Moderate,1
KTU177,Female,3,CE,76.0,73,3.0,Safe,50,53,3,69,74,63.5,6.13,1,60,56,4,100,68,32,0.896,Low,0
KTU330,Male,5,ECE,70.9,75,-4.1,Danger,46,34,-12,59,56,50.5,7.38,0,100,100,0,100,79,21,0.904,Moderate,1
KTU537,Female,8,ECE,75.2,73,2.2,Danger,55,54,-1,64,83,65.9,7.45,0,160,160,0,100,77,23,0.864,Moderate,1
KTU549,Female,3,CSE,90.2,73,17.2,Safe,81,88,7,77,90,83.9,9.46,0,60,60,0,100,95,5,0.972,Low,0
KTU071,Female,3,CSE,78.1,73,5.1,Safe,68,71,3,69,80,72.5,8.1,1,60,56,4,100,76,24,0.978,Low,0
KTU562,Male,7,ME,83.6,75,8.6,Safe,64,64,0,68,80,70.0,7.06,0,140,140,0,100,75,25,0.957,Low,0
KTU590,Female,6,CE,58.5,73,-14.5,Danger,20,8,-12,51,45,34.4,4.28,5,120,105,15,100,40,60,0.688,High,1
KTU082,Male,3,EEE,58.3,75,-16.7,Danger,41,33,-8,40,49,41.5,5.18,1,60,57,3,100,16,84,0.968,High,1
KTU317,Female,7,ME,92.0,73,19.0,Safe,85,91,6,82,95,88.3,8.68,0,140,140,0,100,97,3,0.974,Low,0
KTU305,Female,6,CE,61.0,73,-12.0,Danger,24,19,-5,47,67,42.8,5.76,4,120,104,16,100,22,78,0.632,High,1
KTU007,Female,3,ME,69.2,73,-3.8,Danger,32,28,-4,48,68,46.8,4.44,4,60,44,16,100,5,95,0.752,High,1
KTU424,Male,3,CE,76.6,75,1.6,Danger,75,76,1,67,75,72.8,9.22,0,60,60,0,100,79,21,0.987,Moderate,1
KTU375,Female,2,ME,80.4,73,7.4,Safe,52,61,9,65,66,61.9,7.07,0,40,40,0,100,61,39,0.97,Low,0
KTU430,Male,2,CSE,66.5,75,-8.5,Danger,32,22,-10,61,69,49.8,4.51,5,40,25,15,100,40,60,0.618,High,1
KTU538,Male,4,ME,82.5,75,7.5,Safe,51,66,15,70,60,62.4,7.27,0,80,80,0,100,71,29,0.949,Low,0
KTU313,Male,7,CSE,57.4,75,-17.6,Danger,24,10,-14,45,49,35.0,4.33,3,140,128,12,100,38,62,0.748,High,1
KTU239,Female,5,CSE,58.2,73,-14.8,Danger,32,19,-13,45,68,44.1,4.68,5,100,85,15,100,27,73,0.672,High,1
KTU560,Male,3,CE,65.4,75,-9.6,Danger,22,21,-1,41,58,38.3,5.8,4,60,44,16,100,46,54,0.768,High,1
KTU433,Male,8,ME,56.4,75,-18.6,Danger,24,29,5,63,53,45.4,5.28,4,160,144,16,100,17,83,0.736,High,1
KTU287,Male,6,EEE,80.1,75,5.1,Safe,71,83,12,73,81,77.0,9.19,0,120,120,0,100,71,29,0.974,Low,0
KTU427,Female,7,ME,91.8,73,18.8,Safe,88,100,12,78,91,88.3,9.34,0,140,140,0,100,87,13,0.938,Low,0
KTU599,Male,5,CSE,75.7,75,0.7,Danger,66,53,-13,76,77,69.7,7.18,1,100,97,3,100,47,53,0.906,Moderate,1
KTU362,Female,6,ME,80.7,73,7.7,Safe,73,86,13,70,79,76.5,8.25,0,120,120,0,100,93,7,0.962,Low,0
KTU074,Female,1,EEE,76.2,73,3.2,Safe,59,59,0,70,83,69.5,7.18,0,20,20,0,100,73,27,0.902,Low,0
KTU040,Male,8,ECE,90.3,75,15.3,Safe,94,100,6,87,80,88.9,8.36,0,160,160,0,100,73,27,0.944,Low,0
KTU156,Male,7,EEE,73.6,75,-1.4,Danger,46,45,-1,40,69,50.9,7.01,0,140,140,0,100,54,46,0.874,Moderate,1
KTU219,Male,4,ECE,62.8,75,-12.2,Danger,20,17,-3,57,56,41.3,5.7,3,80,68,12,100,6,94,0.638,High,1
KTU371,Female,3,CE,70.5,73,-2.5,Danger,26,13,-13,61,56,42.9,4.22,2,60,54,6,100,39,61,0.595,High,1
KTU211,Male,5,CSE,79.6,75,4.6,Safe,56,63,7,64,77,66.1,7.14,0,100,100,0,100,59,41,0.942,Low,0
KTU236,Male,8,ECE,75.7,75,0.7,Danger,61,48,-13,70,65,62.3,7.23,0,160,160,0,100,68,32,0.934,Moderate,1
KTU547,Female,1,ECE,89.7,73,16.7,Safe,74,77,3,91,85,83.0,8.24,0,20,20,0,100,110,0,0.955,Low,0
KTU061,Female,1,EEE,75.5,73,2.5,Danger,66,71,5,71,79,72.4,8.38,0,20,20,0,100,105,0,0.978,Moderate,1
KTU301,Male,4,ECE,93.0,75,18.0,Safe,92,96,4,92,89,91.9,8.85,1,80,76,4,100,70,30,0.994,Low,0
KTU260,Female,2,ECE,81.7,73,8.7,Safe,59,65,6,73,85,72.2,8.09,0,40,40,0,100,73,27,0.905,Low,0
KTU281,Female,8,ME,86.1,73,13.1,Safe,89,95,6,82,80,85.4,9.16,1,160,156,4,100,105,0,0.965,Low,0
KTU229,Female,6,EEE,78.5,73,5.5,Safe,55,57,2,60,70,61.4,7.22,0,120,120,0,100,73,27,0.967,Low,0
KTU012,Female,3,ME,80.5,73,7.5,Danger,56,57,1,77,84,70.9,8.3,0,60,60,0,100,98,2,0.85,Moderate,1
KTU413,Female,6,EEE,63.5,73,-9.5,Danger,29,26,-3,52,47,40.7,4.65,2,120,114,6,100,13,87,0.875,High,1
KTU084,Female,8,CSE,64.1,73,-8.9,Danger,32,31,-1,53,66,48.3,4.15,2,160,152,8,100,38,62,0.783,High,1
KTU091,Male,7,CE,76.4,75,1.4,Danger,59,63,4,70,84,70.6,7.67,0,140,140,0,100,118,0,0.91,Moderate,1
KTU209,Male,1,ME,86.3,75,11.3,Safe,92,100,8,93,93,94.2,8.87,0,20,20,0,100,71,29,0.99,Low,0
KTU539,Female,1,CE,79.6,73,6.6,Danger,73,75,2,79,81,77.6,8.56,0,20,20,0,100,105,0,0.99,Moderate,1
KTU336,Female,5,ME,80.1,73,7.1,Safe,62,58,-4,63,82,67.5,6.38,0,100,100,0,100,68,32,0.914,Moderate,1
KTU080,Female,6,CSE,76.7,73,3.7,Safe,53,54,1,74,62,62.2,6.9,2,120,114,6,100,43,57,0.929,Moderate,1
KTU435,Female,8,CSE,83.4,73,10.4,Safe,61,68,7,70,81,71.1,7.61,1,160,157,3,100,93,7,0.948,Low,0
KTU141,Female,4,ECE,60.7,73,-12.3,Danger,42,42,0,49,69,52.2,6.48,3,80,68,12,100,75,25,0.878,High,1
KTU282,Female,2,CSE,89.9,73,16.9,Safe,91,100,9,88,83,89.5,7.89,0,40,40,0,100,83,17,0.962,Low,0
KTU269,Male,5,EEE,76.2,75,1.2,Danger,53,41,-12,76,83,66.5,6.42,2,100,94,6,100,71,29,0.712,Moderate,1
KTU415,Female,2,EEE,73.7,73,0.7,Danger,32,34,2,44,54,42.6,5.94,1,40,36,4,100,7,93,0.923,High,1
KTU200,Female,1,CSE,89.6,73,16.6,Safe,95,100,5,86,82,89.4,7.94,0,20,20,0,100,101,0,0.949,Low,0
KTU465,Male,6,CE,76.5,75,1.5,Danger,59,59,0,63,60,60.5,7.15,1,120,116,4,100,49,51,0.997,Moderate,1
KTU576,Male,5,ME,70.5,75,-4.5,Danger,40,36,-4,49,70,50.9,6.06,4,100,84,16,100,85,15,0.827,High,1
KTU585,Female,2,ME,91.8,73,18.8,Safe,73,71,-2,89,90,82.5,7.71,0,40,40,0,100,107,0,0.923,Moderate,1
KTU372,Male,5,CSE,82.2,75,7.2,Safe,59,64,5,74,75,69.3,6.31,0,100,100,0,100,53,47,0.954,Low,0
KTU400,Male,4,EEE,93.0,75,18.0,Safe,93,96,3,86,82,88.2,9.18,0,80,80,0,100,110,0,0.969,Low,0
KTU341,Female,2,ECE,57.0,73,-16.0,Danger,22,9,-13,55,62,41.3,4.21,4,40,28,12,100,41,59,0.51,High,1
KTU149,Female,5,ME,81.5,73,8.5,Safe,50,52,2,68,80,64.8,6.18,1,100,96,4,100,50,50,0.849,Low,0
KTU495,Male,5,CSE,75.2,75,0.2,Danger,60,58,-2,61,74,64.1,6.85,2,100,92,8,100,57,43,0.96,Moderate,1
KTU440,Male,4,ECE,67.0,75,-8.0,Danger,25,28,3,49,70,46.3,4.13,2,80,74,6,100,31,69,0.672,High,1
KTU146,Male,7,CE,69.2,75,-5.8,Danger,23,18,-5,49,46,36.7,4.57,5,140,125,15,100,32,68,0.814,High,1
KTU010,Male,2,ME,90.1,75,15.1,Safe,71,83,12,79,91,81.8,9.41,1,40,37,3,100,108,0,0.948,Low,0
KTU376,Female,7,ECE,68.0,73,-5.0,Danger,31,24,-7,60,54,45.2,5.62,3,140,128,12,100,24,76,0.772,High,1
KTU524,Female,4,EEE,85.0,73,12.0,Safe,89,97,8,93,85,90.6,9.34,0,80,80,0,100,113,0,0.98,Low,0
KTU189,Male,8,EEE,75.0,75,0.0,Danger,56,43,-13,66,68,60.0,6.87,2,160,154,6,100,63,37,0.902,Moderate,1
KTU132,Male,8,EEE,82.9,75,7.9,Safe,65,76,11,60,62,64.8,6.69,1,160,157,3,100,53,47,0.962,Low,0
KTU573,Female,5,ECE,88.2,73,15.2,Safe,71,70,-1,89,90,81.9,8.79,0,100,100,0,100,70,30,0.91,Moderate,1
KTU299,Male,5,CE,80.7,75,5.7,Safe,63,61,-2,70,60,63.8,6.96,1,100,97,3,100,88,12,0.985,Moderate,1
KTU587,Male,3,CE,78.1,75,3.1,Safe,61,60,-1,60,76,65.0,6.76,2,60,54,6,100,67,33,0.954,Moderate,1
KTU447,Female,6,EEE,92.6,73,19.6,Safe,95,95,0,78,81,85.7,7.82,0,120,120,0,100,74,26,0.939,Low,0
KTU085,Male,2,ECE,67.0,75,-8.0,Danger,36,30,-6,62,55,48.3,4.91,5,40,25,15,100,50,50,0.827,High,1
KTU593,Male,7,CSE,71.8,75,-3.2,Danger,24,20,-4,65,51,43.6,4.64,5,140,125,15,100,2,98,0.65,High,1
KTU178,Female,2,CSE,65.5,73,-7.5,Danger,20,14,-6,59,70,45.5,4.83,3,40,31,9,100,36,64,0.416,High,1
KTU154,Female,6,CSE,75.5,73,2.5,Danger,52,50,-2,75,61,61.2,6.27,1,120,117,3,100,89,11,0.903,Moderate,1
KTU453,Male,1,CE,90.0,75,15.0,Safe,91,89,-2,91,92,90.9,8.4,0,20,20,0,100,114,0,0.999,Moderate,1
KTU197,Female,5,EEE,77.9,73,4.9,Danger,72,75,3,69,69,70.8,8.53,1,100,97,3,100,78,22,0.994,Moderate,1
KTU076,Female,6,CSE,85.1,73,12.1,Safe,84,87,3,78,94,85.8,8.67,0,120,120,0,100,76,24,0.967,Low,0
KTU093,Female,5,CSE,73.7,73,0.7,Danger,21,10,-11,40,51,33.5,5.53,3,100,88,12,100,7,93,0.745,High,1
KTU297,Male,2,ECE,92.7,75,17.7,Safe,82,97,15,75,82,82.9,9.05,0,40,40,0,100,76,24,0.936,Low,0
KTU069,Male,5,CSE,70.1,75,-4.9,Danger,29,27,-2,51,56,43.3,5.13,5,100,85,15,100,11,89,0.834,High,1
KTU016,Male,4,ECE,76.3,75,1.3,Danger,55,42,-13,68,74,62.0,6.66,0,80,80,0,100,43,57,0.848,Moderate,1
KTU205,Female,5,ECE,82.3,73,9.3,Safe,54,51,-3,80,81,69.3,6.8,0,100,100,0,100,79,21,0.803,Moderate,1
KTU159,Male,3,EEE,87.3,75,12.3,Safe,94,96,2,93,90,92.9,8.1,0,60,60,0,100,96,4,0.995,Low,0
KTU089,Female,4,CSE,80.0,73,7.0,Danger,53,61,8,68,78,66.6,7.46,0,80,80,0,100,78,22,0.916,Moderate,1
KTU498,Male,6,ME,70.2,75,-4.8,Danger,35,40,5,53,51,46.2,5.65,3,120,108,12,100,27,73,0.944,High,1
KTU118,Female,3,CE,75.4,73,2.4,Danger,61,66,5,79,73,71.0,9.46,1,60,57,3,100,112,0,0.953,Moderate,1
KTU383,Male,4,ECE,72.6,75,-2.4,Danger,34,26,-8,59,60,47.7,4.86,3,80,68,12,100,46,54,0.774,High,1
KTU406,Male,4,EEE,77.9,75,2.9,Danger,54,44,-10,69,78,63.7,6.11,0,80,80,0,100,74,26,0.827,Moderate,1
KTU034,Male,8,CE,90.8,75,15.8,Safe,87,89,2,87,95,89.8,7.8,0,160,160,0,100,119,0,0.989,Low,0
KTU001,Male,1,ME,57.7,75,-17.3,Danger,21,6,-15,61,68,44.1,4.19,3,20,11,9,100,35,65,0.316,High,1
KTU594,Male,5,ECE,75.5,75,0.5,Danger,75,78,3,68,64,70.2,9.27,0,100,100,0,100,120,0,0.969,Moderate,1
KTU532,Male,7,CE,67.6,75,-7.4,Danger,38,39,1,48,56,46.6,4.03,5,140,125,15,100,50,50,0.946,High,1
KTU354,Female,6,CE,85.2,73,12.2,Safe,77,73,-4,86,84,81.0,8.47,0,120,120,0,100,104,0,0.972,Moderate,1
KTU333,Male,7,EEE,61.9,75,-13.1,Danger,39,34,-5,48,50,44.0,4.73,5,140,120,20,100,13,87,0.957,High,1
KTU535,Female,8,CE,94.7,73,21.7,Safe,84,91,7,90,89,88.7,9.11,0,160,160,0,100,70,30,0.993,Low,0
KTU245,Male,2,CE,73.7,75,-1.3,Danger,26,24,-2,65,51,44.8,4.4,3,40,28,12,100,20,80,0.703,High,1
KTU023,Female,8,ME,93.5,73,20.5,Safe,78,74,-4,95,93,86.8,7.51,0,160,160,0,100,80,20,0.916,Moderate,1
KTU441,Male,2,ECE,82.3,75,7.3,Safe,73,86,13,72,70,74.4,8.59,0,40,40,0,100,118,0,0.96,Low,0
KTU117,Female,6,EEE,56.6,73,-16.4,Danger,30,18,-12,42,58,39.6,4.16,4,120,104,16,100,28,72,0.781,High,1
KTU090,Female,1,ECE,69.5,73,-3.5,Danger,38,35,-3,50,56,46.4,4.14,3,20,11,9,100,47,53,0.926,High,1
KTU366,Female,1,EEE,82.0,73,9.0,Safe,74,82,8,70,71,73.5,9.36,0,20,20,0,100,117,0,0.978,Low,0
KTU212,Female,4,CSE,72.6,73,-0.4,Danger,23,13,-10,54,64,42.6,4.24,3,80,71,9,100,10,90,0.555,High,1
KTU019,Male,3,CSE,81.1,75,6.1,Safe,57,59,2,72,63,63.7,6.06,2,60,54,6,100,66,34,0.967,Moderate,1
KTU408,Female,5,ME,92.1,73,19.1,Safe,90,100,10,92,82,90.2,7.76,0,100,100,0,100,76,24,0.959,Low,0
KTU321,Female,3,CSE,89.5,73,16.5,Safe,87,98,11,80,83,85.9,8.3,0,60,60,0,100,80,20,0.954,Low,0
KTU145,Male,5,ME,56.1,75,-18.9,Danger,43,29,-14,42,65,46.5,5.83,2,100,92,8,100,11,89,0.833,High,1
KTU290,Female,6,EEE,69.1,73,-3.9,Danger,26,31,5,59,69,49.8,5.41,4,120,104,16,100,48,52,0.669,High,1
KTU275,Female,8,EEE,86.8,73,13.8,Safe,77,87,10,86,80,82.6,9.34,0,160,160,0,100,98,2,0.983,Low,0
KTU542,Female,8,ECE,87.8,73,14.8,Safe,88,88,0,77,95,86.8,7.9,0,160,160,0,100,120,0,0.958,Low,0
KTU361,Male,6,CE,89.3,75,14.3,Safe,86,97,11,80,85,86.1,8.18,0,120,120,0,100,92,8,0.962,Low,0
KTU251,Female,7,ECE,90.2,73,17.2,Safe,83,84,1,75,85,81.4,9.17,0,140,140,0,100,73,27,0.984,Low,0
KTU288,Female,3,CSE,87.0,73,14.0,Safe,89,88,-1,80,89,86.1,9.18,0,60,60,0,100,83,17,0.986,Moderate,1
KTU529,Male,8,CE,89.8,75,14.8,Safe,83,91,8,94,93,90.9,9.12,0,160,160,0,100,110,0,0.981,Low,0
KTU401,Male,7,ECE,82.8,75,7.8,Safe,74,70,-4,69,82,74.1,8.04,0,140,140,0,100,93,7,0.974,Moderate,1
KTU168,Male,7,ECE,87.3,75,12.3,Safe,87,98,11,79,80,84.7,8.41,0,140,140,0,100,112,0,0.942,Low,0
KTU055,Male,3,ECE,56.4,75,-18.6,Danger,20,14,-6,53,59,40.4,5.41,3,60,51,9,100,43,57,0.611,High,1
KTU494,Female,1,ME,78.9,73,5.9,Safe,61,63,2,73,71,68.0,6.97,0,20,20,0,100,84,16,0.974,Low,0
KTU047,Female,6,CSE,77.9,73,4.9,Safe,65,70,5,66,71,68.1,6.89,1,120,116,4,100,75,25,0.994,Low,0
KTU094,Male,8,CE,62.2,75,-12.8,Danger,21,19,-2,47,61,40.4,4.04,5,160,140,20,100,36,64,0.686,High,1
KTU265,Male,7,EEE,76.5,75,1.5,Danger,51,52,1,69,69,62.0,6.89,1,140,136,4,100,67,33,0.923,Moderate,1
KTU109,Female,4,CE,88.7,73,15.7,Safe,82,81,-1,85,83,83.0,7.78,0,80,80,0,100,114,0,0.998,Moderate,1
KTU273,Male,1,ECE,86.7,75,11.7,Safe,76,82,6,89,88,84.7,9.13,0,20,20,0,100,95,5,0.973,Low,0
KTU600,Male,6,CSE,78.0,75,3.0,Safe,71,74,3,70,68,70.4,8.71,0,120,120,0,100,70,30,0.995,Low,0
KTU480,Male,2,CSE,92.6,75,17.6,Safe,66,77,11,81,83,77.8,8.69,0,40,40,0,100,72,28,0.957,Low,0
KTU437,Female,8,CSE,89.4,73,16.4,Safe,73,68,-5,79,81,76.2,8.94,0,160,160,0,100,94,6,0.974,Moderate,1
KTU384,Female,7,EEE,90.7,73,17.7,Safe,94,92,-2,91,81,88.8,8.4,0,140,140,0,100,85,15,0.975,Moderate,1
KTU381,Male,3,CSE,91.1,75,16.1,Safe,75,77,2,94,87,84.7,8.87,0,60,60,0,100,78,22,0.941,Low,0
KTU463,Female,6,ME,85.5,73,12.5,Safe,76,90,14,84,94,86.6,9.35,0,120,120,0,100,81,19,0.954,Low,0
KTU395,Female,7,EEE,87.6,73,14.6,Safe,83,97,14,94,91,91.5,8.63,0,140,140,0,100,101,0,0.973,Low,0
KTU266,Male,6,CE,76.7,75,1.7,Danger,75,67,-8,72,60,68.0,7.09,0,120,120,0,100,77,23,0.968,Moderate,1
KTU481,Male,5,CSE,92.8,75,17.8,Safe,94,94,0,94,86,91.6,8.84,0,100,100,0,100,117,0,0.988,Low,0
KTU518,Female,4,CE,92.4,73,19.4,Safe,73,69,-4,77,83,76.4,8.17,0,80,80,0,100,108,0,0.973,Moderate,1
KTU070,Male,7,EEE,90.0,75,15.0,Safe,90,100,10,79,87,87.8,8.01,0,140,140,0,100,99,1,0.944,Low,0
KTU232,Female,3,CE,56.1,73,-16.9,Danger,26,15,-11,47,45,35.8,4.68,5,60,40,20,100,3,97,0.822,High,1
KTU404,Male,8,CE,90.2,75,15.2,Safe,66,71,5,84,81,76.9,8.43,0,160,160,0,100,71,29,0.947,Low,0
KTU279,Female,8,EEE,82.7,73,9.7,Safe,64,79,15,70,63,68.5,6.03,1,160,156,4,100,66,34,0.96,Low,0
KTU473,Female,5,CE,67.7,73,-5.3,Danger,29,21,-8,53,50,40.9,4.06,4,100,84,16,100,4,96,0.815,High,1
KTU351,Female,6,ECE,85.4,73,12.4,Safe,94,100,6,92,83,91.3,8.78,0,120,120,0,100,112,0,0.963,Low,0
KTU510,Male,5,CSE,94.4,75,19.4,Safe,88,86,-2,88,90,88.2,9.15,0,100,100,0,100,92,8,0.998,Moderate,1
KTU150,Female,5,CSE,94.4,73,21.4,Safe,76,75,-1,94,87,84.5,8.46,0,100,100,0,100,96,4,0.938,Moderate,1
KTU125,Female,7,EEE,73.5,73,0.5,Danger,40,36,-4,42,59,45.5,4.26,4,140,128,12,100,27,73,0.923,High,1
KTU429,Male,1,CSE,56.9,75,-18.1,Danger,23,14,-9,61,59,43.4,4.07,4,20,8,12,100,38,62,0.559,High,1
KTU466,Male,6,ME,77.6,75,2.6,Danger,74,77,3,78,81,77.9,8.96,1,120,116,4,100,114,0,0.994,Moderate,1
KTU186,Male,8,CSE,72.5,75,-2.5,Danger,22,17,-5,43,68,41.1,4.91,3,160,148,12,100,22,78,0.595,High,1
KTU228,Female,8,CSE,62.3,73,-10.7,Danger,33,35,2,46,65,46.9,5.59,2,160,152,8,100,30,70,0.839,High,1
KTU292,Female,5,ECE,71.1,73,-1.9,Danger,20,24,4,50,59,41.5,4.1,4,100,84,16,100,50,50,0.724,High,1
KTU248,Male,5,CE,66.6,75,-8.4,Danger,30,22,-8,52,46,39.8,4.1,5,100,80,20,100,23,77,0.855,High,1
KTU291,Male,4,ME,83.9,75,8.9,Safe,52,63,11,65,65,62.0,6.18,2,80,74,6,100,67,33,0.971,Moderate,1
KTU250,Female,2,ECE,83.2,73,10.2,Safe,63,69,6,75,84,74.1,9.14,0,40,40,0,100,74,26,0.94,Low,0
KTU444,Male,4,ECE,90.2,75,15.2,Safe,78,92,14,82,85,84.1,7.86,0,80,80,0,100,110,0,0.974,Low,0
KTU552,Female,7,ECE,85.8,73,12.8,Safe,82,93,11,85,92,88.1,9.48,0,140,140,0,100,102,0,0.978,Low,0
KTU553,Female,6,ECE,71.9,73,-1.1,Danger,37,31,-6,58,53,46.9,5.45,3,120,111,9,100,46,54,0.877,High,1
KTU551,Male,5,EEE,76.3,75,1.3,Danger,62,64,2,74,80,71.4,8.75,0,100,100,0,100,114,0,0.946,Moderate,1
KTU115,Female,4,CSE,93.9,73,20.9,Safe,95,100,5,84,92,91.8,8.01,0,80,80,0,100,88,12,0.966,Low,0
KTU204,Male,8,CSE,61.5,75,-13.5,Danger,23,20,-3,53,67,44.6,4.18,2,160,154,6,100,20,80,0.604,High,1
KTU142,Female,5,CSE,79.9,73,6.9,Safe,62,66,4,71,84,72.1,9.41,0,100,100,0,100,111,0,0.931,Low,0
KTU339,Female,7,EEE,82.6,73,9.6,Safe,52,54,2,62,65,59.3,6.47,1,140,136,4,100,85,15,0.971,Moderate,1
KTU008,Male,2,ECE,92.9,75,17.9,Safe,85,92,7,94,82,88.2,8.69,0,40,40,0,100,105,0,0.976,Low,0
KTU522,Female,1,ECE,59.4,73,-13.6,Danger,21,9,-12,55,53,38.4,5.99,2,20,14,6,100,28,72,0.601,High,1
KTU020,Female,5,ECE,88.1,73,15.1,Safe,80,89,9,87,84,85.1,8.13,0,100,100,0,100,70,30,0.988,Low,0
KTU173,Male,2,ME,90.6,75,15.6,Safe,66,67,1,80,90,77.6,8.67,0,40,40,0,100,74,26,0.902,Low,0
KTU452,Female,8,ME,63.1,73,-9.9,Danger,27,30,3,47,52,41.1,5.89,3,160,151,9,100,26,74,0.886,High,1
KTU057,Female,5,CE,68.1,73,-4.9,Danger,39,25,-14,52,53,44.3,5.78,4,100,84,16,100,38,62,0.87,High,1
KTU302,Male,2,CSE,66.3,75,-8.7,Danger,37,33,-4,57,47,45.2,4.42,5,40,25,15,100,11,89,0.913,High,1
KTU337,Female,5,ME,80.0,73,7.0,Safe,75,83,8,68,71,73.3,9.23,1,100,97,3,100,106,0,0.968,Low,0
KTU451,Female,4,ME,82.1,73,9.1,Safe,70,82,12,79,65,73.6,9.21,0,80,80,0,100,83,17,0.954,Low,0
KTU323,Female,7,EEE,87.9,73,14.9,Safe,95,100,5,94,81,91.5,8.49,0,140,140,0,100,82,18,0.951,Low,0
KTU311,Female,7,ECE,78.2,73,5.2,Safe,61,75,14,75,85,75.2,9.26,0,140,140,0,100,74,26,0.927,Low,0
KTU050,Female,4,CSE,88.2,73,15.2,Safe,88,89,1,92,85,88.5,8.98,0,80,80,0,100,76,24,0.994,Low,0
KTU345,Male,8,CE,69.6,75,-5.4,Danger,37,33,-4,49,64,47.9,4.38,5,160,140,20,100,15,85,0.854,High,1
KTU026,Female,1,ECE,88.3,73,15.3,Safe,94,94,0,88,87,90.1,9.07,0,20,20,0,100,100,0,0.989,Low,0
KTU443,Female,3,CSE,85.8,73,12.8,Safe,79,87,8,80,82,81.8,8.89,0,60,60,0,100,114,0,0.99,Low,0
KTU221,Male,2,EEE,70.6,75,-4.4,Danger,22,11,-11,58,63,42.9,4.47,4,40,24,16,100,25,75,0.498,High,1
KTU484,Female,4,EEE,57.1,73,-15.9,Danger,30,26,-4,43,59,41.8,5.41,3,80,71,9,100,5,95,0.834,High,1
KTU541,Female,8,ECE,80.3,73,7.3,Safe,71,80,9,70,79,74.9,8.09,0,160,160,0,100,113,0,0.98,Low,0
KTU043,Female,6,ECE,83.7,73,10.7,Safe,72,76,4,63,84,73.7,7.72,0,120,120,0,100,106,0,0.943,Low,0
KTU417,Male,7,ME,86.5,75,11.5,Safe,92,89,-3,79,84,85.1,8.8,0,140,140,0,100,112,0,0.976,Moderate,1
KTU262,Female,8,ECE,81.4,73,8.4,Danger,74,89,15,62,75,73.7,8.13,0,160,160,0,100,87,13,0.908,Moderate,1
KTU409,Female,5,CE,83.5,73,10.5,Safe,54,61,7,79,68,67.1,6.28,1,100,96,4,100,90,10,0.915,Low,0
KTU278,Male,2,CE,78.0,75,3.0,Safe,58,70,12,61,76,66.7,6.6,0,40,40,0,100,45,55,0.949,Low,0
KTU570,Male,7,EEE,75.0,75,0.0,Danger,64,54,-10,79,69,68.0,6.0,2,140,132,8,100,17,83,0.919,Moderate,1
KTU382,Female,6,ECE,89.9,73,16.9,Safe,75,71,-4,80,86,79.0,8.32,1,120,116,4,100,96,4,0.968,Moderate,1
KTU412,Male,6,ECE,90.9,75,15.9,Safe,95,97,2,88,90,91.8,7.85,0,120,120,0,100,77,23,0.987,Low,0
KTU155,Female,6,CE,83.3,73,10.3,Safe,62,74,12,72,62,67.4,6.2,2,120,112,8,100,47,53,0.969,Moderate,1
KTU127,Female,3,ME,75.8,73,2.8,Danger,70,59,-11,65,78,68.7,6.26,2,60,52,8,100,76,24,0.952,Moderate,1
KTU310,Female,2,EEE,87.7,73,14.7,Safe,88,100,12,83,85,88.0,8.26,0,40,40,0,100,103,0,0.956,Low,0
KTU520,Female,3,CSE,79.8,73,6.8,Danger,54,50,-4,68,63,60.1,6.75,1,60,56,4,100,87,13,0.949,Moderate,1
KTU446,Male,2,ECE,94.7,75,19.7,Safe,80,76,-4,90,85,83.7,7.61,0,40,40,0,100,97,3,0.972,Moderate,1
KTU175,Female,1,CSE,82.5,73,9.5,Safe,60,74,14,79,84,75.7,8.29,0,20,20,0,100,110,0,0.92,Low,0
KTU032,Male,7,EEE,77.9,75,2.9,Danger,64,65,1,74,81,72.3,8.45,1,140,137,3,100,112,0,0.952,Moderate,1
KTU114,Male,6,EEE,80.8,75,5.8,Safe,74,89,15,74,82,79.4,7.77,0,120,120,0,100,72,28,0.961,Low,0
KTU024,Female,7,EEE,56.4,73,-16.6,Danger,38,40,2,62,49,48.9,4.3,3,140,131,9,100,19,81,0.91,High,1
KTU174,Female,3,EEE,70.9,73,-2.1,Danger,32,21,-11,61,62,47.5,5.58,3,60,51,9,100,32,68,0.678,High,1
KTU558,Male,4,CE,81.7,75,6.7,Safe,67,75,8,71,63,68.6,6.55,2,80,72,8,100,42,58,0.98,Moderate,1
KTU067,Male,8,CSE,89.1,75,14.1,Safe,91,94,3,79,82,85.3,8.18,0,160,160,0,100,91,9,0.962,Low,0
KTU058,Female,1,CSE,67.8,73,-5.2,Danger,41,34,-7,58,63,51.3,6.86,1,20,17,3,100,70,30,0.858,Moderate,1
KTU322,Female,1,CSE,89.7,73,16.7,Safe,84,87,3,88,82,85.2,7.94,0,20,20,0,100,116,0,0.994,Low,0
KTU223,Male,8,ME,82.7,75,7.7,Safe,52,56,4,65,85,66.6,7.24,0,160,160,0,100,53,47,0.838,Low,0
KTU018,Female,3,ECE,73.4,73,0.4,Danger,38,24,-14,63,62,49.9,4.1,5,60,45,15,100,3,97,0.727,High,1
KTU300,Male,2,ME,86.1,75,11.1,Safe,90,99,9,84,82,87.6,8.26,0,40,40,0,100,100,0,0.956,Low,0
KTU256,Male,1,EEE,94.7,75,19.7,Safe,91,89,-2,86,89,88.5,8.46,0,20,20,0,100,110,0,0.997,Moderate,1
KTU306,Female,8,EEE,67.3,73,-5.7,Danger,22,9,-13,48,49,35.3,5.78,5,160,145,15,100,37,63,0.706,High,1
KTU574,Male,3,CE,81.3,75,6.3,Safe,65,80,15,72,77,73.7,8.58,0,60,60,0,100,113,0,0.968,Low,0
KTU191,Male,5,EEE,81.0,75,6.0,Safe,60,58,-2,63,67,62.6,7.04,0,100,100,0,100,78,22,0.988,Moderate,1
KTU319,Male,1,CE,91.9,75,16.9,Safe,75,74,-1,88,91,83.5,8.35,0,20,20,0,100,104,0,0.942,Moderate,1
KTU528,Female,5,ECE,64.3,73,-8.7,Danger,33,22,-11,63,70,50.9,6.54,3,100,91,9,100,63,37,0.598,High,1
KTU272,Male,8,ME,56.0,75,-19.0,Danger,41,36,-5,45,46,42.7,4.85,3,160,151,9,100,48,52,0.984,High,1
KTU095,Female,7,CE,62.7,73,-10.3,Danger,49,45,-4,50,50,48.8,4.18,4,140,128,12,100,27,73,0.996,High,1
KTU181,Female,7,EEE,61.1,73,-11.9,Danger,32,27,-5,62,51,45.7,4.58,5,140,125,15,100,20,80,0.8,High,1
KTU332,Female,8,EEE,61.6,73,-11.4,Danger,23,24,1,61,69,48.4,4.92,2,160,154,6,100,43,57,0.561,High,1
KTU329,Male,8,ME,83.0,75,8.0,Safe,58,59,1,65,83,67.8,6.75,2,160,154,6,100,55,45,0.899,Moderate,1
KTU312,Female,4,ECE,61.9,73,-11.1,Danger,30,18,-12,43,66,42.3,4.96,5,80,60,20,100,13,87,0.683,High,1
KTU006,Female,1,ECE,93.1,73,20.1,Safe,77,90,13,83,82,82.9,9.25,0,20,20,0,100,95,5,0.978,Low,0
KTU046,Female,8,CE,81.6,73,8.6,Danger,58,61,3,70,67,64.9,6.37,0,160,160,0,100,76,24,0.978,Moderate,1
KTU399,Male,8,ECE,93.9,75,18.9,Safe,87,83,-4,85,94,87.7,9.17,0,160,160,0,100,105,0,0.983,Moderate,1
KTU577,Male,1,ECE,91.4,75,16.4,Safe,71,83,12,83,95,84.2,7.89,0,20,20,0,100,74,26,0.928,Low,0
KTU469,Male,7,ME,75.1,75,0.1,Danger,61,63,2,71,69,66.8,6.13,1,140,136,4,100,87,13,0.983,Moderate,1
KTU017,Male,2,ECE,64.2,75,-10.8,Danger,26,19,-7,52,46,38.4,5.85,2,40,32,8,100,27,73,0.814,High,1
KTU049,Female,4,ME,88.7,73,15.7,Safe,88,100,12,91,91,92.2,8.16,0,80,80,0,100,89,11,0.98,Low,0
KTU580,Male,1,ME,90.3,75,15.3,Safe,75,80,5,75,92,81.1,7.66,0,20,20,0,100,117,0,0.952,Low,0
KTU488,Female,7,ME,80.4,73,7.4,Danger,62,61,-1,75,76,69.9,6.16,1,140,136,4,100,71,29,0.951,Moderate,1
KTU004,Female,4,CSE,59.3,73,-13.7,Danger,29,34,5,42,52,40.8,5.67,1,80,76,4,100,22,78,0.924,High,1
KTU487,Male,3,CSE,76.8,75,1.8,Danger,56,48,-8,79,72,66.1,7.26,0,60,60,0,100,88,12,0.848,Moderate,1
KTU439,Male,4,EEE,81.1,75,6.1,Danger,67,69,2,64,83,71.3,7.57,0,80,80,0,100,100,0,0.947,Moderate,1
KTU363,Female,8,CE,55.7,73,-17.3,Danger,29,14,-15,59,45,39.8,4.6,3,160,151,9,100,20,80,0.715,High,1
KTU434,Male,6,CE,79.6,75,4.6,Danger,74,81,7,75,75,76.0,9.06,0,120,120,0,100,70,30,0.992,Moderate,1
KTU303,Male,5,ECE,67.7,75,-7.3,Danger,22,16,-6,41,69,40.6,5.34,4,100,88,12,100,12,88,0.574,High,1
KTU226,Female,2,CSE,87.0,73,14.0,Safe,85,90,5,89,84,86.9,7.75,1,40,37,3,100,80,20,0.994,Low,0
KTU027,Male,4,CE,82.4,75,7.4,Safe,57,58,1,67,60,61.1,6.6,2,80,72,8,100,44,56,0.985,Moderate,1
KTU425,Male,8,CE,87.4,75,12.4,Safe,79,92,13,95,85,88.2,8.97,0,160,160,0,100,118,0,0.961,Low,0
KTU264,Male,1,EEE,62.1,75,-12.9,Danger,20,12,-8,50,69,42.1,4.45,4,20,4,16,100,8,92,0.474,High,1
KTU051,Male,5,ECE,77.7,75,2.7,Danger,72,58,-14,77,64,68.3,7.46,0,100,100,0,100,80,20,0.947,Moderate,1
KTU230,Female,4,ECE,67.5,73,-5.5,Danger,27,30,3,57,70,49.5,5.69,2,80,72,8,100,11,89,0.672,High,1
KTU038,Female,8,CE,70.8,73,-2.2,Danger,32,35,3,64,63,51.5,6.57,1,160,157,3,100,62,38,0.774,Moderate,1
KTU158,Male,2,CSE,79.0,75,4.0,Safe,71,67,-4,61,67,66.0,6.35,2,40,34,6,100,88,12,0.987,Moderate,1
KTU238,Female,7,CSE,92.9,73,19.9,Safe,83,92,9,95,87,89.6,7.65,0,140,140,0,100,71,29,0.979,Low,0
KTU575,Male,6,CE,88.6,75,13.6,Safe,90,96,6,75,83,84.6,9.37,0,120,120,0,100,117,0,0.938,Low,0
KTU176,Female,8,CE,65.5,73,-7.5,Danger,29,21,-8,53,50,40.9,5.43,5,160,140,20,100,9,91,0.815,High,1
KTU515,Female,5,ECE,62.0,73,-11.0,Danger,33,32,-1,58,48,44.8,5.65,2,100,94,6,100,14,86,0.882,High,1
KTU358,Male,7,CE,81.3,75,6.3,Danger,58,72,14,61,71,65.6,6.02,0,140,140,0,100,81,19,0.963,Moderate,1
KTU195,Female,1,CE,83.9,73,10.9,Safe,53,57,4,80,84,71.2,9.25,0,20,20,0,100,92,8,0.814,Low,0
KTU504,Female,2,CE,91.7,73,18.7,Safe,93,95,2,77,92,88.3,7.72,0,40,40,0,100,103,0,0.949,Low,0
KTU579,Female,1,ME,84.0,73,11.0,Safe,58,67,9,63,81,68.2,6.74,2,20,14,6,100,86,14,0.927,Moderate,1
KTU512,Male,2,ECE,68.6,75,-6.4,Danger,41,39,-2,60,69,54.7,7.19,0,40,40,0,100,87,13,0.839,Moderate,1
KTU068,Female,6,CE,85.4,73,12.4,Safe,75,72,-3,82,89,80.7,8.37,0,120,120,0,100,98,2,0.957,Moderate,1
KTU320,Female,6,EEE,67.9,73,-5.1,Danger,37,37,0,46,58,46.0,4.51,5,120,100,20,100,49,51,0.926,High,1
KTU169,Female,1,CSE,78.7,73,5.7,Danger,50,62,12,76,83,70.1,7.53,0,20,20,0,100,81,19,0.838,Moderate,1
KTU368,Male,4,CE,62.5,75,-12.5,Danger,21,23,2,50,47,37.9,4.8,4,80,64,16,100,32,68,0.823,High,1
KTU163,Male,4,CE,72.2,75,-2.8,Danger,29,17,-12,40,51,36.5,5.49,2,80,74,6,100,44,56,0.84,High,1
KTU194,Male,1,ECE,60.2,75,-14.8,Danger,37,37,0,49,50,44.5,5.1,4,20,8,12,100,17,83,0.961,High,1
KTU153,Male,7,CE,80.0,75,5.0,Safe,71,78,7,69,83,75.4,7.51,0,140,140,0,100,72,28,0.969,Low,0
KTU502,Male,7,ECE,58.6,75,-16.4,Danger,27,25,-2,65,54,46.1,5.29,4,140,128,12,100,10,90,0.704,High,1
KTU347,Female,2,CE,77.4,73,4.4,Safe,69,64,-5,75,66,68.9,7.45,0,40,40,0,100,58,42,0.983,Moderate,1
KTU486,Female,6,ECE,67.8,73,-5.2,Danger,41,28,-13,43,57,43.8,4.24,5,120,100,20,100,44,56,0.894,High,1
KTU334,Female,6,ME,87.8,73,14.8,Safe,75,73,-2,93,84,82.7,8.94,0,120,120,0,100,94,6,0.937,Moderate,1
KTU104,Female,5,ECE,88.4,73,15.4,Safe,89,88,-1,90,86,88.2,7.81,0,100,100,0,100,102,0,0.998,Moderate,1
KTU391,Male,4,EEE,66.9,75,-8.1,Danger,31,17,-14,46,46,37.2,4.29,5,80,60,20,100,21,79,0.854,High,1
KTU075,Female,3,ME,94.4,73,21.4,Safe,95,100,5,84,90,91.2,9.43,0,60,60,0,100,113,0,0.965,Low,0
KTU423,Female,1,ME,76.1,73,3.1,Safe,52,66,14,68,68,64.4,7.29,0,20,20,0,100,78,22,0.955,Low,0
KTU578,Male,2,ECE,65.8,75,-9.2,Danger,20,22,2,56,68,45.6,5.23,5,40,20,20,100,0,100,0.561,High,1
KTU120,Female,1,EEE,63.5,73,-9.5,Danger,31,27,-4,51,59,44.6,4.8,4,20,8,12,100,7,93,0.821,High,1
KTU397,Female,6,EEE,87.1,73,14.1,Safe,85,82,-3,81,89,84.4,8.12,0,120,120,0,100,119,0,0.99,Moderate,1
KTU410,Female,8,CE,64.0,73,-9.0,Danger,31,34,3,55,59,47.2,4.25,4,160,144,16,100,45,55,0.847,High,1
KTU482,Female,6,ME,64.5,73,-8.5,Danger,43,28,-15,59,52,47.5,5.06,5,120,105,15,100,18,82,0.866,High,1
KTU208,Female,4,EEE,76.7,73,3.7,Safe,62,64,2,69,80,69.9,6.17,0,80,80,0,100,80,20,0.951,Low,0
KTU335,Male,3,ECE,75.1,75,0.1,Danger,63,64,1,75,64,67.1,6.8,2,60,52,8,100,90,10,0.976,Moderate,1
KTU353,Male,6,CSE,64.5,75,-10.5,Danger,24,26,2,59,55,44.2,5.58,5,120,100,20,100,14,86,0.742,High,1
KTU342,Female,5,ECE,60.4,73,-12.6,Danger,31,26,-5,44,49,39.3,5.73,5,100,80,20,100,35,65,0.913,High,1
KTU405,Female,4,ME,60.4,73,-12.6,Danger,28,17,-11,50,69,44.7,4.31,4,80,68,12,100,39,61,0.597,High,1
KTU009,Male,2,EEE,92.7,75,17.7,Safe,88,88,0,78,89,85.3,8.41,1,40,36,4,100,102,0,0.98,Low,0
KTU378,Male,3,CE,94.1,75,19.1,Safe,75,90,15,89,84,84.9,7.78,0,60,60,0,100,78,22,0.965,Low,0
KTU037,Female,2,ME,61.4,73,-11.6,Danger,42,31,-11,57,47,45.8,5.41,4,40,24,16,100,26,74,0.912,High,1
KTU140,Male,6,CE,77.8,75,2.8,Danger,55,57,2,74,77,67.7,6.53,1,120,116,4,100,79,21,0.903,Moderate,1
KTU254,Male,4,ME,90.1,75,15.1,Safe,92,100,8,75,95,89.4,7.85,0,80,80,0,100,86,14,0.912,Low,0
KTU304,Female,6,ME,67.5,73,-5.5,Danger,23,23,0,49,64,43.1,4.9,4,120,108,12,100,36,64,0.691,High,1
KTU543,Female,8,ME,65.6,73,-7.4,Danger,20,21,1,51,53,39.4,4.06,3,160,148,12,100,27,73,0.751,High,1
KTU060,Female,7,CE,73.0,73,0.0,Danger,46,41,-5,64,62,55.2,6.38,1,140,137,3,100,89,11,0.901,Moderate,1
KTU112,Male,5,CE,61.7,75,-13.3,Danger,31,18,-13,53,50,40.7,5.91,3,100,91,9,100,24,76,0.796,High,1
KTU364,Male,5,EEE,80.1,75,5.1,Safe,68,77,9,64,63,67.1,6.21,0,100,100,0,100,77,23,0.97,Low,0
KTU355,Female,4,EEE,61.6,73,-11.4,Danger,34,28,-6,54,53,44.5,5.64,3,80,68,12,100,29,71,0.869,High,1
KTU263,Male,3,EEE,89.9,75,14.9,Safe,89,100,11,77,84,86.1,8.36,0,60,60,0,100,94,6,0.93,Low,0
KTU526,Female,1,ME,91.6,73,18.6,Safe,95,96,1,89,90,91.9,9.23,0,20,20,0,100,90,10,0.991,Low,0
KTU298,Male,7,CSE,86.5,75,11.5,Safe,79,76,-3,85,81,80.8,7.61,0,140,140,0,100,106,0,0.989,Moderate,1
KTU151,Female,4,ECE,91.0,73,18.0,Safe,94,100,6,77,94,90.1,7.66,0,80,80,0,100,105,0,0.926,Low,0
KTU267,Male,2,ME,92.9,75,17.9,Safe,95,100,5,95,88,93.9,7.6,1,40,37,3,100,111,0,0.982,Low,0
KTU519,Male,1,ME,78.4,75,3.4,Safe,62,58,-4,71,64,64.5,6.39,2,20,12,8,100,61,39,0.978,Moderate,1
KTU531,Female,7,CSE,89.8,73,16.8,Safe,76,87,11,79,89,83.0,8.36,0,140,140,0,100,72,28,0.971,Low,0
KTU039,Female,7,CE,81.6,73,8.6,Safe,75,77,2,79,67,74.2,8.47,0,140,140,0,100,116,0,0.979,Low,0
KTU432,Male,5,ME,56.3,75,-18.7,Danger,23,12,-11,46,64,40.0,5.08,4,100,88,12,100,39,61,0.593,High,1
KTU308,Female,2,CE,75.1,73,2.1,Danger,57,58,1,79,81,71.0,7.78,0,40,40,0,100,117,0,0.873,Moderate,1
KTU199,Male,5,CE,75.7,75,0.7,Danger,75,68,-7,62,72,68.8,7.04,0,100,100,0,100,71,29,0.976,Moderate,1
KTU356,Male,7,ECE,91.2,75,16.2,Safe,81,78,-3,94,87,86.1,8.82,0,140,140,0,100,82,18,0.962,Moderate,1
KTU147,Female,5,ECE,88.3,73,15.3,Safe,88,83,-5,89,88,87.3,8.97,0,100,100,0,100,81,19,0.994,Moderate,1
KTU471,Female,2,EEE,85.9,73,12.9,Safe,87,87,0,95,88,89.7,8.61,0,40,40,0,100,82,18,0.989,Low,0
KTU533,Male,7,CSE,71.7,75,-3.3,Danger,29,28,-1,50,63,45.3,5.25,4,140,124,16,100,11,89,0.783,High,1
KTU148,Female,7,EEE,78.6,73,5.6,Danger,53,58,5,65,64,60.9,6.01,1,140,136,4,100,55,45,0.976,Moderate,1
KTU421,Male,5,EEE,61.5,75,-13.5,Danger,35,38,3,40,60,44.6,5.47,4,100,84,16,100,18,82,0.903,High,1
KTU349,Female,1,ME,69.3,73,-3.7,Danger,24,15,-9,41,53,36.0,5.79,4,20,4,16,100,0,100,0.783,High,1
KTU326,Male,5,ECE,76.0,75,1.0,Danger,52,40,-12,76,69,61.9,7.2,1,100,96,4,100,84,16,0.8,Moderate,1
KTU514,Male,1,CSE,91.5,75,16.5,Safe,90,91,1,82,82,85.4,8.02,0,20,20,0,100,95,5,0.982,Low,0
KTU124,Female,1,ME,78.3,73,5.3,Safe,75,72,-3,77,64,71.7,8.3,0,20,20,0,100,103,0,0.976,Moderate,1
KTU503,Female,3,CSE,70.3,73,-2.7,Danger,41,41,0,57,50,48.5,5.56,1,60,57,3,100,20,80,0.955,High,1
KTU097,Female,6,ECE,57.8,73,-15.2,Danger,26,13,-13,45,64,40.5,4.35,5,120,100,20,100,48,52,0.628,High,1
KTU144,Male,4,CSE,61.3,75,-13.7,Danger,35,25,-10,43,66,44.7,4.81,5,80,60,20,100,41,59,0.771,High,1
KTU240,Male,7,ECE,61.3,75,-13.7,Danger,26,18,-8,53,67,44.8,4.19,5,140,120,20,100,9,91,0.606,High,1
KTU426,Male,1,ECE,79.3,75,4.3,Safe,65,72,7,77,67,70.6,7.79,0,20,20,0,100,88,12,0.978,Low,0
KTU098,Female,6,ME,56.3,73,-16.7,Danger,31,32,1,60,54,46.8,4.15,5,120,100,20,100,2,98,0.833,High,1
KTU325,Male,1,CSE,90.5,75,15.5,Safe,88,91,3,92,91,90.7,7.95,1,20,16,4,100,95,5,0.998,Low,0
KTU280,Male,1,CSE,94.6,75,19.6,Safe,90,95,5,84,86,88.0,8.23,0,20,20,0,100,99,1,0.982,Low,0
KTU294,Male,4,ME,77.6,75,2.6,Danger,74,76,2,79,76,76.5,9.15,1,80,77,3,100,77,23,0.997,Moderate,1
KTU478,Male,7,CE,86.2,75,11.2,Safe,83,87,4,75,95,85.0,8.88,0,140,140,0,100,108,0,0.948,Low,0
KTU123,Female,5,ECE,94.3,73,21.3,Safe,93,95,2,80,91,88.9,7.74,0,100,100,0,100,85,15,0.966,Low,0
KTU184,Female,7,EEE,73.4,73,0.4,Danger,42,38,-4,65,62,54.1,6.25,3,140,131,9,100,76,24,0.859,High,1
KTU203,Male,1,CE,92.3,75,17.3,Safe,89,87,-2,82,93,87.7,7.5,0,20,20,0,100,77,23,0.984,Moderate,1
KTU324,Male,4,EEE,55.7,75,-19.3,Danger,27,24,-3,60,45,41.7,4.71,5,80,60,20,100,37,63,0.788,High,1
KTU247,Male,2,EEE,92.9,75,17.9,Safe,92,95,3,92,91,92.3,8.27,0,40,40,0,100,72,28,0.998,Low,0
KTU513,Male,5,ECE,93.3,75,18.3,Safe,90,98,8,84,86,88.6,8.24,0,100,100,0,100,106,0,0.971,Low,0
KTU458,Female,4,EEE,64.1,73,-8.9,Danger,44,36,-8,64,63,54.1,6.48,2,80,72,8,100,72,28,0.854,Moderate,1
KTU479,Female,3,ME,70.5,73,-2.5,Danger,27,21,-6,44,67,42.9,4.25,3,60,51,9,100,27,73,0.681,High,1
KTU500,Female,5,EEE,93.5,73,20.5,Safe,94,95,1,88,81,88.5,8.23,0,100,100,0,100,117,0,0.969,Low,0
KTU530,Female,2,CSE,83.8,73,10.8,Safe,71,70,-1,67,80,72.3,9.36,0,40,40,0,100,88,12,0.976,Moderate,1
KTU389,Male,3,CSE,77.8,75,2.8,Danger,74,64,-10,74,69,70.5,7.74,0,60,60,0,100,70,30,0.983,Moderate,1
KTU126,Male,2,EEE,58.1,75,-16.9,Danger,30,24,-6,62,52,45.0,5.69,3,40,31,9,100,40,60,0.758,High,1
KTU582,Male,2,CE,61.5,75,-13.5,Danger,21,25,4,50,61,42.5,5.24,2,40,32,8,100,37,63,0.719,High,1
KTU224,Female,3,CSE,94.7,73,21.7,Safe,80,83,3,91,81,84.2,9.14,0,60,60,0,100,98,2,0.981,Low,0
KTU343,Female,3,EEE,66.4,73,-6.6,Danger,40,42,2,63,65,54.8,6.46,4,60,44,16,100,70,30,0.867,High,1
KTU054,Female,8,CE,66.2,73,-6.8,Danger,33,21,-12,49,63,44.4,5.9,1,160,157,3,100,16,84,0.747,High,1
KTU220,Male,4,CE,75.5,75,0.5,Danger,54,46,-8,68,62,59.0,7.35,0,80,80,0,100,69,31,0.931,Moderate,1
KTU130,Male,6,ME,93.6,75,18.6,Safe,93,100,7,79,91,89.6,7.71,0,120,120,0,100,87,13,0.943,Low,0
KTU544,Male,4,CSE,79.4,75,4.4,Safe,60,72,12,71,84,72.9,7.8,0,80,80,0,100,115,0,0.928,Low,0
KTU394,Female,6,EEE,76.9,73,3.9,Danger,56,69,13,79,61,67.0,6.94,0,120,120,0,100,70,30,0.924,Moderate,1
KTU448,Male,8,EEE,78.8,75,3.8,Safe,73,78,5,70,67,71.3,7.97,0,160,160,0,100,94,6,0.984,Low,0
KTU546,Male,5,CE,90.0,75,15.0,Safe,92,97,5,78,84,86.4,9.14,0,100,100,0,100,98,2,0.947,Low,0
KTU396,Male,4,ME,85.0,75,10.0,Safe,65,66,1,89,83,77.8,9.1,1,80,76,4,100,72,28,0.89,Low,0
KTU567,Female,6,ME,82.4,73,9.4,Safe,53,67,14,61,66,62.1,6.88,0,120,120,0,100,72,28,0.969,Low,0
KTU403,Male,4,ME,92.3,75,17.3,Safe,81,79,-2,84,90,84.2,9.14,1,80,77,3,100,83,17,0.983,Moderate,1
KTU387,Female,6,CE,63.6,73,-9.4,Danger,42,47,5,62,51,51.7,7.36,0,120,120,0,100,45,55,0.946,Moderate,1
KTU581,Male,7,CSE,87.0,75,12.0,Safe,75,70,-5,84,82,78.8,8.46,0,140,140,0,100,86,14,0.969,Moderate,1
KTU295,Female,8,ECE,91.1,73,18.1,Safe,84,91,7,82,81,83.9,9.33,1,160,156,4,100,86,14,0.985,Low,0
KTU501,Female,7,CE,82.5,73,9.5,Safe,52,55,3,80,66,65.2,7.24,0,140,140,0,100,83,17,0.879,Low,0
KTU483,Male,1,CSE,94.2,75,19.2,Safe,92,100,8,90,91,92.7,8.85,0,20,20,0,100,94,6,0.984,Low,0
KTU416,Female,1,ECE,80.3,73,7.3,Safe,70,77,7,70,82,75.0,8.59,0,20,20,0,100,78,22,0.974,Low,0
KTU113,Female,1,CE,87.5,73,14.5,Safe,83,85,2,86,82,84.0,8.97,0,20,20,0,100,78,22,0.998,Low,0
KTU180,Male,8,EEE,79.1,75,4.1,Danger,54,59,5,69,60,61.3,6.57,1,160,156,4,100,68,32,0.971,Moderate,1
KTU422,Female,3,CSE,91.0,73,18.0,Safe,74,89,15,93,88,86.9,8.45,0,60,60,0,100,112,0,0.948,Low,0
KTU468,Female,4,CSE,71.1,73,-1.9,Danger,41,45,4,61,47,49.6,5.21,4,80,64,16,100,25,75,0.943,High,1
KTU450,Female,4,ME,87.0,73,14.0,Safe,78,77,-1,76,81,78.1,7.72,0,80,80,0,100,80,20,0.996,Moderate,1
KTU374,Female,1,CE,85.1,73,12.1,Safe,77,72,-5,83,91,82.0,8.08,0,20,20,0,100,84,16,0.95,Moderate,1
KTU315,Female,8,EEE,77.1,73,4.1,Safe,62,63,1,64,63,63.1,7.36,0,160,160,0,100,78,22,1.0,Low,0
KTU152,Male,3,ECE,79.7,75,4.7,Safe,53,63,10,66,82,67.6,6.77,2,60,54,6,100,69,31,0.892,Moderate,1
KTU583,Male,2,CSE,88.8,75,13.8,Safe,93,100,7,77,84,86.9,7.61,0,40,40,0,100,74,26,0.924,Low,0
KTU234,Female,6,ECE,92.3,73,19.3,Safe,81,81,0,95,95,89.4,8.91,0,120,120,0,100,84,16,0.951,Low,0
KTU307,Female,4,CSE,79.9,73,6.9,Safe,67,73,6,75,80,74.5,9.28,0,80,80,0,100,78,22,0.978,Low,0
KTU550,Male,3,EEE,67.0,75,-8.0,Danger,42,44,2,65,66,56.5,7.31,0,60,60,0,100,62,38,0.873,Moderate,1
KTU165,Male,8,ME,88.7,75,13.7,Safe,78,73,-5,76,87,79.1,8.02,1,160,156,4,100,88,12,0.973,Moderate,1
KTU318,Male,5,CE,94.1,75,19.1,Safe,77,78,1,84,93,84.1,7.51,0,100,100,0,100,106,0,0.96,Low,0
KTU137,Female,8,EEE,70.5,73,-2.5,Danger,31,34,3,50,66,47.8,4.62,2,160,152,8,100,16,84,0.804,High,1
KTU411,Male,6,EEE,92.9,75,17.9,Safe,87,89,2,89,92,89.5,8.74,0,120,120,0,100,94,6,0.997,Low,0
KTU198,Female,1,ME,86.3,73,13.3,Safe,92,97,5,79,87,87.6,9.16,0,20,20,0,100,101,0,0.956,Low,0
KTU569,Male,5,EEE,75.8,75,0.8,Danger,70,66,-4,76,66,69.8,6.81,0,100,100,0,100,90,10,0.983,Moderate,1
KTU259,Male,8,ME,82.6,75,7.6,Safe,71,69,-2,77,65,70.6,8.44,0,160,160,0,100,113,0,0.981,Moderate,1
KTU233,Male,3,EEE,86.4,75,11.4,Safe,68,74,6,91,91,83.0,8.91,0,60,60,0,100,91,9,0.896,Low,0
KTU116,Female,1,ME,70.2,73,-2.8,Danger,33,30,-3,52,68,48.6,4.68,4,20,4,16,100,44,56,0.764,High,1
KTU121,Male,3,CE,83.2,75,8.2,Safe,53,62,9,68,84,68.6,6.32,1,60,56,4,100,84,16,0.872,Low,0
KTU489,Female,4,ECE,69.0,73,-4.0,Danger,32,36,4,42,60,44.2,5.36,1,80,76,4,100,39,61,0.885,High,1
KTU377,Male,5,ECE,72.0,75,-3.0,Danger,41,45,4,44,47,44.5,5.75,4,100,88,12,100,26,74,0.995,High,1
KTU385,Female,1,EEE,81.9,73,8.9,Danger,51,58,7,66,69,62.3,7.16,0,20,20,0,100,67,33,0.95,Moderate,1
KTU225,Male,2,CE,70.1,75,-4.9,Danger,23,19,-4,40,46,34.2,5.37,4,40,28,12,100,37,63,0.872,High,1
KTU568,Female,2,ME,63.8,73,-9.2,Danger,27,12,-15,42,60,38.4,4.54,2,40,34,6,100,48,52,0.683,High,1
KTU457,Male,7,ME,75.4,75,0.4,Danger,61,48,-13,65,80,65.3,6.84,2,140,134,6,100,48,52,0.87,Moderate,1
KTU348,Female,3,CE,87.3,73,14.3,Safe,74,79,5,75,95,81.6,8.34,0,60,60,0,100,93,7,0.929,Low,0
KTU128,Male,1,CSE,67.2,75,-7.8,Danger,33,37,4,48,65,47.9,5.28,2,20,12,8,100,41,59,0.846,High,1
KTU591,Female,1,CSE,60.4,73,-12.6,Danger,27,19,-8,48,68,44.0,4.36,2,20,14,6,100,16,84,0.636,High,1
KTU286,Female,4,ECE,68.6,73,-4.4,Danger,40,30,-10,51,66,49.1,5.01,3,80,68,12,100,45,55,0.821,High,1
KTU554,Male,6,ME,88.5,75,13.5,Safe,89,93,4,95,83,89.8,8.64,0,120,120,0,100,85,15,0.979,Low,0
KTU044,Female,7,ECE,68.1,73,-4.9,Danger,39,27,-12,47,48,41.7,5.59,3,140,131,9,100,22,78,0.929,High,1
KTU108,Male,3,ME,79.6,75,4.6,Danger,63,69,6,62,67,65.1,6.62,1,60,56,4,100,72,28,0.992,Moderate,1
KTU565,Female,7,ECE,82.7,73,9.7,Safe,60,58,-2,72,68,65.6,7.47,0,140,140,0,100,49,51,0.967,Moderate,1
KTU445,Female,6,CE,59.5,73,-13.5,Danger,23,24,1,56,48,40.6,4.44,3,120,108,12,100,3,97,0.789,High,1
KTU134,Female,7,ME,56.0,73,-17.0,Danger,34,36,2,46,56,44.6,4.56,5,140,125,15,100,6,94,0.923,High,1
KTU496,Male,8,EEE,61.0,75,-14.0,Danger,23,14,-9,52,55,39.5,4.67,4,160,148,12,100,39,61,0.682,High,1
KTU045,Female,6,CSE,78.1,73,5.1,Safe,63,69,6,75,63,67.8,7.24,0,120,120,0,100,51,49,0.975,Low,0
KTU170,Male,2,EEE,58.6,75,-16.4,Danger,22,18,-4,48,56,39.2,5.92,3,40,31,9,100,44,56,0.734,High,1
KTU066,Female,8,CE,81.0,73,8.0,Safe,70,69,-1,64,75,69.5,6.89,0,160,160,0,100,68,32,0.985,Moderate,1
KTU284,Male,1,EEE,93.4,75,18.4,Safe,80,79,-1,91,85,84.6,7.71,0,20,20,0,100,102,0,0.977,Moderate,1
KTU086,Male,4,CE,77.1,75,2.1,Danger,60,48,-12,74,72,65.4,6.47,1,80,76,4,100,82,18,0.891,Moderate,1
KTU243,Female,1,ME,77.4,73,4.4,Safe,58,56,-2,78,61,64.5,6.52,0,20,20,0,100,88,12,0.924,Moderate,1
KTU187,Female,2,CE,89.5,73,16.5,Safe,68,63,-5,84,81,75.7,9.2,0,40,40,0,100,117,0,0.924,Moderate,1
KTU327,Female,7,EEE,77.2,73,4.2,Danger,60,73,13,74,81,73.1,8.46,0,140,140,0,100,110,0,0.942,Moderate,1
KTU160,Female,5,CSE,80.3,73,7.3,Safe,73,81,8,65,80,74.3,7.59,0,100,100,0,100,120,0,0.959,Low,0
KTU013,Female,2,ECE,61.4,73,-11.6,Danger,38,24,-14,57,52,45.1,4.46,5,40,20,20,100,4,96,0.834,High,1
KTU036,Female,7,EEE,76.4,73,3.4,Safe,65,80,15,74,68,71.6,9.06,0,140,140,0,100,87,13,0.967,Low,0
KTU029,Male,7,ME,88.1,75,13.1,Safe,85,98,13,91,83,88.8,7.88,0,140,140,0,100,70,30,0.966,Low,0
KTU171,Male,5,CSE,93.6,75,18.6,Safe,89,96,7,76,82,84.4,8.25,0,100,100,0,100,114,0,0.944,Low,0
KTU143,Female,8,ECE,65.2,73,-7.8,Danger,43,46,3,57,67,55.0,6.36,5,160,145,15,100,82,18,0.91,High,1
KTU237,Male,5,ECE,56.3,75,-18.7,Danger,28,26,-2,65,48,44.7,5.94,4,100,84,16,100,24,76,0.746,High,1
KTU464,Male,3,ECE,55.8,75,-19.2,Danger,26,28,2,58,49,42.9,5.41,3,60,48,12,100,22,78,0.814,High,1
KTU497,Female,6,CE,67.1,73,-5.9,Danger,29,32,3,42,62,43.4,4.8,3,120,111,9,100,45,55,0.833,High,1
KTU222,Female,6,CE,56.4,73,-16.6,Danger,26,25,-1,44,69,44.1,4.63,3,120,108,12,100,49,51,0.682,High,1
KTU545,Male,8,CE,92.6,75,17.6,Safe,68,79,11,94,83,82.5,7.71,0,160,160,0,100,93,7,0.914,Low,0
KTU096,Female,2,CE,92.5,73,19.5,Safe,72,83,11,85,85,82.0,8.77,0,40,40,0,100,119,0,0.971,Low,0
KTU052,Female,2,CSE,79.2,73,6.2,Danger,64,67,3,70,65,66.7,6.72,0,40,40,0,100,65,35,0.995,Moderate,1
KTU241,Male,6,CSE,77.7,75,2.7,Danger,71,62,-9,80,79,74.3,7.69,0,120,120,0,100,75,25,0.948,Moderate,1
KTU508,Male,5,EEE,80.8,75,5.8,Safe,72,70,-2,71,85,75.2,7.97,0,100,100,0,100,95,5,0.963,Moderate,1
KTU352,Male,2,ECE,88.2,75,13.2,Safe,86,88,2,83,83,84.6,7.52,0,40,40,0,100,114,0,0.996,Low,0
KTU517,Female,5,ECE,83.2,73,10.2,Safe,61,70,9,78,81,73.9,7.67,0,100,100,0,100,114,0,0.94,Low,0
KTU179,Male,7,ECE,60.7,75,-14.3,Danger,33,27,-6,44,47,39.3,4.97,2,140,132,8,100,16,84,0.934,High,1
KTU461,Female,3,CE,79.0,73,6.0,Safe,70,67,-3,60,69,66.1,7.2,0,60,60,0,100,66,34,0.985,Moderate,1
KTU527,Male,2,EEE,88.8,75,13.8,Safe,77,84,7,83,85,82.6,7.68,0,40,40,0,100,94,6,0.99,Low,0
KTU042,Male,1,CSE,87.0,75,12.0,Safe,76,75,-1,94,84,83.6,8.45,0,20,20,0,100,99,1,0.942,Moderate,1
KTU555,Male,6,ME,69.9,75,-5.1,Danger,36,28,-8,58,66,50.0,6.16,2,120,114,6,100,89,11,0.759,Moderate,1
KTU523,Female,8,CE,82.6,73,9.6,Safe,54,55,1,63,71,62.0,7.3,0,160,160,0,100,87,13,0.953,Low,0
KTU207,Female,6,CE,76.3,73,3.3,Safe,58,70,12,80,62,68.2,7.08,0,120,120,0,100,82,18,0.929,Low,0
KTU393,Female,1,CSE,88.2,73,15.2,Safe,93,100,7,87,82,89.3,7.63,0,20,20,0,100,114,0,0.955,Low,0
KTU283,Female,4,ME,62.9,73,-10.1,Danger,34,33,-1,60,66,51.2,6.99,1,80,77,3,100,71,29,0.778,Moderate,1
KTU359,Female,2,CE,85.6,73,12.6,Safe,82,96,14,88,91,89.3,8.03,0,40,40,0,100,89,11,0.974,Low,0
KTU398,Male,2,ME,81.5,75,6.5,Danger,69,74,5,60,65,66.1,7.38,0,40,40,0,100,42,58,0.974,Moderate,1
KTU255,Female,5,CE,93.5,73,20.5,Safe,90,94,4,83,86,87.5,8.85,0,100,100,0,100,107,0,0.983,Low,0
KTU218,Male,8,CSE,77.6,75,2.6,Danger,75,67,-8,69,83,74.0,8.43,0,160,160,0,100,119,0,0.961,Moderate,1
KTU005,Male,5,CSE,76.5,75,1.5,Danger,73,70,-3,67,65,68.2,6.4,1,100,97,3,100,83,17,0.991,Moderate,1
KTU257,Female,5,ME,94.5,73,21.5,Safe,85,96,11,84,86,87.2,9.03,0,100,100,0,100,112,0,0.977,Low,0
KTU564,Female,4,ECE,93.4,73,20.4,Safe,95,100,5,89,82,90.3,8.14,0,80,80,0,100,71,29,0.955,Low,0
KTU534,Male,3,CSE,91.0,75,16.0,Safe,95,90,-5,78,93,88.3,7.51,0,60,60,0,100,111,0,0.956,Moderate,1
KTU431,Female,5,CE,91.7,73,18.7,Safe,89,86,-3,85,88,86.9,8.05,0,100,100,0,100,91,9,0.998,Moderate,1
KTU101,Male,8,CE,80.5,75,5.5,Danger,61,69,8,71,69,68.0,7.02,0,160,160,0,100,44,56,0.985,Moderate,1
KTU227,Female,7,CE,68.0,73,-5.0,Danger,25,14,-11,51,51,38.4,4.07,4,140,124,16,100,31,69,0.737,High,1
KTU449,Male,2,CE,75.5,75,0.5,Danger,63,62,-1,64,66,64.0,6.27,2,40,32,8,100,48,52,0.998,Moderate,1
KTU548,Male,3,EEE,77.1,75,2.1,Danger,75,74,-1,73,73,73.6,9.4,0,60,60,0,100,71,29,0.999,Moderate,1
KTU572,Female,2,ECE,95.0,73,22.0,Safe,93,98,5,88,86,90.4,9.27,1,40,36,4,100,118,0,0.978,Low,0
KTU214,Female,5,EEE,68.5,73,-4.5,Danger,31,17,-14,60,47,41.7,5.0,4,100,88,12,100,23,77,0.737,High,1
KTU360,Male,4,EEE,68.8,75,-6.2,Danger,27,30,3,52,51,42.3,5.25,2,80,72,8,100,47,53,0.866,High,1
KTU172,Male,2,CE,91.4,75,16.4,Safe,94,90,-4,93,83,89.6,7.96,1,40,36,4,100,87,13,0.982,Moderate,1
KTU099,Male,6,ME,71.4,75,-3.6,Danger,47,49,2,42,64,51.0,7.43,0,120,120,0,100,68,32,0.933,Moderate,1
KTU293,Female,2,ME,83.6,73,10.6,Safe,66,66,0,62,85,70.5,8.33,0,40,40,0,100,92,8,0.92,Low,0
KTU216,Male,1,EEE,92.1,75,17.1,Safe,85,87,2,88,87,86.9,8.33,0,20,20,0,100,74,26,0.999,Low,0
KTU062,Male,5,CE,89.8,75,14.8,Safe,71,75,4,95,87,83.8,8.6,0,100,100,0,100,84,16,0.909,Low,0
KTU407,Female,1,ECE,72.2,73,-0.8,Danger,21,11,-10,43,57,36.4,5.41,4,20,4,16,100,39,61,0.674,High,1
KTU048,Male,4,CSE,62.7,75,-12.3,Danger,35,34,-1,64,52,48.6,5.59,4,80,64,16,100,14,86,0.844,High,1
KTU033,Male,5,EEE,91.2,75,16.2,Safe,75,76,1,82,89,81.5,7.79,0,100,100,0,100,109,0,0.969,Low,0
KTU418,Female,3,CSE,70.3,73,-2.7,Danger,47,46,-1,54,70,55.8,6.76,4,60,44,16,100,64,36,0.908,High,1
